"Código categoria";"Código categoria mãe";"Categoria";"Nivel categoria";"Status";"Características (todas agrupadas em uma única coluna separada por vírgula ou ponto e vírgula)";"SEO - Título";"SEO - Descrição";"SEO - URL";"SEO - Palavras chaves";"Termo de aceite (sim ou não)";"Termo de aceite (descrição)";"Impostos";"Impostos - grupo de regras"
"35";"0";"ROLAMENTOS";"1";"Ativo";"";"";"";"rolamentos";"";"Não";"";"Não";""
"49";"0";"PISTÕES";"1";"Ativo";"";"";"";"pistoes";"";"Não";"";"Não";""
"63";"0";"BALANÇA";"1";"Ativo";"";"";"";"balanca-quadro-elastico";"";"Não";"";"Não";""
"31";"0";"Promoções";"1";"Inativo";"Medida";"";"";"promocoes";"";"Não";"";"Não";""
"77";"0";"FILTROS";"1";"Ativo";"";"";"";"filtros";"";"Não";"";"Não";""
"83";"0";"KIT PEÇAS";"1";"Ativo";"";"";"";"kit-pecas";"";"Não";"";"Não";""
"91";"0";"CABEÇOTE / VÁLVULAS";"1";"Ativo";"";"";"";"cabecote-valvulas";"";"Não";"";"Não";""
"99";"0";"BIELA";"1";"Ativo";"";"Biela de alta performance para motores automotivos e motocicletas | Durabilidade e precisão";"Encontre bielas de alta qualidade para automóveis e motos, garantindo desempenho, resistência e confiabilidade em sua aplicação mecânica.";"biela";"biela, biela automotiva, biela motocicleta, peças mecânicas, componentes de motor, peças de alta performance, resistência mecânica, manutenção automotiva, reparos automotivos, motor";"Não";"";"Não";""
"105";"0";"SUSPENSÃO";"1";"Ativo";"";"SUSPENSÃO: Soluções completas para o sistema de suspensão automotiva de alta performance";"Encontre componentes e acessórios de suspensão de sua moto para melhor dirigibilidade e conforto, garantindo segurança e estabilidade em diferentes condições de estrada.";"suspensao";"suspensão, componentes de suspensão, amortecedores, molas, estabilizadores, sistema de suspensão, manutenção de suspensão, alta performance, pistão livre, guarda pó, retentor oleo, bronzinas buchas";"Não";"";"Não";""
"111";"0";"RETENTORES";"1";"Ativo";"";"";"";"retentores";"";"Não";"";"Não";""
"119";"0";"RODAS";"1";"Ativo";"";"Rodas de alta performance para veículos | Diversidade em modelos e tamanhos";"RAIOS EXCEL TAKASAGO , RAIOS EXCEL NOTAKO";"rodas";"RODAS DE MOTO, RAIOS, RAIOS EXCEL, TAKASAGO";"Não";"";"Não";""
"123";"0";"COMANDO";"1";"Ativo";"";"";"";"comando-corrente";"";"Não";"";"Não";""
"137";"0";"AMORTECEDOR";"1";"Ativo";"";"";"";"amortecedor";"";"Não";"";"Não";""
"127";"0";"CABOS";"1";"Ativo";"";"";"";"cabos";"";"Não";"";"Não";""
"201";"0";"CAIXA FILTRO AR";"1";"Ativo";"";"";"";"caixa-filtro-ar";"";"Não";"";"Não";""
"247";"0";"CAMBIO";"1";"Ativo";"";"";"";"cambio";"";"Não";"";"Não";""
"255";"0";"CARBURADOR";"1";"Ativo";"";"";"";"carburador";"";"Não";"";"Não";""
"273";"0";"CARCAÇA MOTOR";"1";"Ativo";"";"";"";"carcaca-motor";"";"Não";"";"Não";""
"289";"0";"CAVALETE";"1";"Ativo";"";"";"";"cavalete";"";"Não";"";"Não";""
"295";"0";"CILINDRO";"1";"Ativo";"";"";"";"cilindro";"";"Não";"";"Não";""
"301";"0";"CONTROLE / GUIDÃO";"1";"Ativo";"";"";"";"controle-guidao";"";"Não";"";"Não";""
"313";"0";"ELETRONICOS";"1";"Ativo";"";"";"";"eletronicos";"";"Não";"";"Não";""
"345";"0";"EMBREAGEM";"1";"Ativo";"";"";"";"embreagem";"";"Não";"";"Não";""
"373";"0";"ESCAPAMENTO";"1";"Ativo";"";"";"";"escapamento";"";"Não";"";"Não";""
"387";"0";"FREIOS";"1";"Ativo";"";"";"";"freios";"";"Não";"";"Não";""
"409";"0";"ILUMINAÇÃO";"1";"Ativo";"";"";"";"iluminacao";"";"Não";"";"Não";""
"417";"0";"JUNTAS";"1";"Ativo";"";"";"";"juntas";"";"Não";"";"Não";""
"451";"0";"LUBRIFICANTE";"1";"Ativo";"";"";"";"lubrificante";"";"Não";"";"Não";""
"453";"0";"MANETES";"1";"Ativo";"";"";"";"manetes";"";"Não";"";"Não";""
"471";"0";"MARCHA";"1";"Ativo";"";"";"";"marcha";"";"Não";"";"Não";""
"477";"0";"MOTOR PARTIDA";"1";"Ativo";"";"";"";"motor-partida";"";"Não";"";"Não";""
"485";"0";"OUTROS";"1";"Ativo";"";"";"";"outros";"";"Não";"";"Não";""
"487";"0";"PARAFUSO";"1";"Ativo";"";"";"";"parafuso";"";"Não";"";"Não";""
"497";"0";"PARTIDA";"1";"Ativo";"";"";"";"partida";"";"Não";"";"Não";""
"505";"0";"PEDAL";"1";"Ativo";"";"";"";"pedal";"";"Não";"";"Não";""
"513";"0";"PEDALEIRA";"1";"Ativo";"";"";"";"pedaleira";"";"Não";"";"Não";""
"517";"0";"PLASTICO";"1";"Ativo";"";"";"";"plastico";"";"Não";"";"Não";""
"539";"0";"PORCA";"1";"Ativo";"";"";"";"porca";"";"Não";"";"Não";""
"547";"0";"PROTETORES";"1";"Ativo";"";"";"";"protetores";"";"Não";"";"Não";""
"557";"0";"RETROVISOR";"1";"Ativo";"";"";"";"retrovisor";"";"Não";"";"Não";""
"559";"0";"SENSORES";"1";"Ativo";"";"";"";"sensores";"";"Não";"";"Não";""
"567";"0";"SISTEMA LUBRIFICAÇÃO";"1";"Ativo";"";"";"";"sistema-lubrificacao";"";"Não";"";"Não";""
"575";"0";"SISTEMA REFRIGERAÇÃO";"1";"Ativo";"";"";"";"sistema-refrigeracao";"";"Não";"";"Não";""
"587";"0";"TANQUE";"1";"Ativo";"";"";"";"tanque";"";"Não";"";"Não";""
"593";"0";"TRANSMISSÃO / RELAÇÃO";"1";"Ativo";"";"";"";"transmissao-relacao";"";"Não";"";"Não";""
"601";"0";"VIRABREQUIM";"1";"Ativo";"";"";"";"virabrequim";"";"Não";"";"Não";""
"39";"35";"ROLAMENTO CAIXA DIREÇÃO";"2";"Ativo";"";"";"";"rolamentos/rolamento-caixa-direcao";"";"Não";"";"Não";""
"41";"35";"ROLAMENTO BOMBA AGUA";"2";"Ativo";"";"";"";"rolamentos/rolamento-cambio";"";"Não";"";"Não";""
"43";"35";"ROLAMENTO LINK";"2";"Ativo";"";"";"";"rolamentos/rolamento-link";"";"Não";"";"Não";""
"45";"35";"ROLAMENTO RODA";"2";"Ativo";"";"";"";"rolamentos/rolamento-roda";"";"Não";"";"Não";""
"47";"35";"ROLAMENTO VIRABREQUIM";"2";"Ativo";"";"";"";"rolamentos/rolamento-virabrequim";"";"Não";"";"Não";""
"51";"49";"KIT PISTÃO";"2";"Ativo";"Medida";"";"";"pistoes/kit-pistao-prox";"";"Não";"";"Não";""
"57";"35";"ROLAMENTO BALANÇA";"2";"Ativo";"";"";"";"rolamentos/balanca";"";"Não";"";"Não";""
"59";"35";"ROLAMENTO BALANÇA + LINK";"2";"Ativo";"Marca";"Kit Rolamento Link e Bucha Balança - Alta Durabilidade com melhor custo";"Conjunto completo de rolamentos link e buchas para balanças, ideal para manutenção de equipamentos pesados, garantindo resistência e desempenho confiável  Kit Rolamento Link e Bucha Balança - Alta Durabilidade com melhor custo";"rolamentos/kit-rolamento-do-bink-e-balanca";"rolamentos, kit rolamento, bucha balança, rolamento link, bucha balança, peças de reposição, Reparo Balança, Reparo link";"Não";"";"Não";""
"61";"35";"ROLAMENTO AMORTECEDOR";"2";"Ativo";"";"";"";"rolamentos/rolamento-amortecedor";"";"Não";"";"Não";""
"65";"63";"BUCHA BALANÇA";"2";"Ativo";"";"";"";"balanca-quadro-elastico/bucha-balanca";"";"Não";"";"Não";""
"67";"63";"EIXO BALANÇA";"2";"Ativo";"";"";"";"balanca-quadro-elastico/eixo-balanca";"";"Não";"";"Não";""
"79";"77";"FILTRO ÓLEO";"2";"Ativo";"";"";"";"filtros/filtros-oleo";"";"Não";"";"Não";""
"81";"77";"FILTROS AR";"2";"Ativo";"";"";"";"filtros/filtros-ar";"";"Não";"";"Não";""
"87";"83";"ECONÓMICO";"2";"Ativo";"";"";"";"kit-pecas/economica";"";"Não";"";"Não";""
"93";"91";"VÁLVULA ADMISSÃO";"2";"Ativo";"";"Válvulas de Admissão para Cabeçote de Motor | Alta Performance e Durabilidade";"Explore válvulas de admissão de alta qualidade para cabeçotes, garantindo eficiência, desempenho e durabilidade no seu motor automotivo. Peças essenciais para otimizar seu sistema de admissão.";"cabecote-valvulas/valvulas-admissao";"válvulas de admissão, cabeçote, motor, peças automotivas, desempenho, performance, durabilidade, reparo automotivo, componentes de motor, valvulas";"Não";"";"Não";""
"95";"91";"VÁLVULA ESCAPE";"2";"Ativo";"";"";"";"cabecote-valvulas/valvulas-escape";"";"Não";"";"Não";""
"97";"91";"KIT VÁLVULA ADMISSÃO + ESCAPE";"2";"Ativo";"";"";"";"cabecote-valvulas/kit-valvulas";"";"Não";"";"Não";""
"101";"99";"KIT BIELA";"2";"Ativo";"";"";"";"biela/kit-de-biela";"";"Não";"";"Não";""
"107";"105";"BRONZINA";"2";"Ativo";"";"Bronzina e Bucha para suspensão de sua moto | Alta Durabilidade e Precisão";"Bronzina e Bucha para suspensão de sua moto | Alta Durabilidade e Precisão , Marcas All Balls, Prox, Athena, Vedamotors , Br parts e Worx";"suspensao/bronzina-bucha";"bronzina, bucha, Bucha suspensão, Manutenção Suspensão, motocross, enduro, showa, Kayaba";"Não";"";"Não";""
"109";"105";"COPINHO - PISTÃO LIVRE";"2";"Ativo";"";"Copinho Pistão Livre da Zeta | Alta Qualidade e Durabilidade , A suspensão do jeito que você sonhou";"Explore copinhos com pistão livre ideais para treinos e uso cotidiano, conferindo praticidade, resistência e eficiência para suas necessidades de hidratação e suplementação.";"suspensao/copinho-pistao-livre";"pistão livre, durabilidade, Suspensão Kayaba, Sem quebras, Zeta";"Não";"";"Não";""
"113";"111";"RETENTOR GARFO SUSPENSÃO";"2";"Ativo";"";"Retentor de Suspensão de Alta Performance para motos- Garantia de Estabilidade e Segurança";"Escolha retentores de suspensão confiáveis que promovem maior estabilidade, segurança e durabilidade. Soluções ideais para manutenção e otimização do sistema de suspensão do seu veículo.";"retentores/retentor-suspensao";"retentor suspensão, sistema de suspensão, manutenção suspensão, peças de suspensão, reparo suspensão, componentes suspensão, durabilidade suspensão, Retentor bengala, Retentor Garfo, Retentor Vedamotors, Retentor Athena, retentor suspensão skf";"Não";"";"Não";""
"117";"111";"RETENTOR BOMBA AGUA";"2";"Ativo";"";"Retentores de Bomba de Água: Proteção eficiente para seu sistema de refrigeração automotiva";"Encontre retentores de bomba de água de alta qualidade para manter o sistema de refrigeração de sua moto e deixe protegido e funcionando perfeitamente, garantindo durabilidade e performance.";"retentores/retentor-bomba-agua";"retentor de bomba de água, proteção para bomba de água, reparo bomba de água, componentes de bomba de água, vedação bomba de água, manutenção de sistemas de refrigeração, reposição de retentores, peças de motos, peças de motocicletas";"Não";"";"Não";""
"121";"119";"RAIOS";"2";"Ativo";"";"Kit Raios de alta qualidade para bicicletas, compatível com diversos modelos, garantindo resistência e performance para suas pedaladas";"Descubra kits de raios duráveis e fáceis de instalar, ideais para reposição e manutenção de rodas da sua moto.";"rodas/kit-raios";"kit raios, reposição de raios, componentes de roda, manutenção de rodas, kits de rodas, reparo de rodas, raios inox, raios aço carbono, nipple aluminio, raios de motos, raios excel";"Não";"";"Não";""
"125";"123";"CORRENTE DE COMANDO";"2";"Ativo";"";"Corrente de Comando para motos off road , enduro e motocross de  Alta Performance";"Corrente de Comando para motos off road , enduro e motocross de  Alta Performance";"comando-corrente/corrente-comando";"corrente de comando, sistemas de transmissão, peças de alta resistência, reposição de corrente, manutenção motocicleta, revisão preventiva da moto, enduro, motocross, off-road, ktm, kx250f, kx450f, crf250x, yz250f, wr250f, sxf250, 350, 450, exc-f250, 350, ";"Não";"";"Não";""
"139";"137";"BATENTE";"2";"Ativo";"";"Batentes de alta durabilidade para portas e janelas - Soluções confiáveis";"Encontre batentes de alta resistência para portas e janelas que garantem segurança e durabilidade. Ideal para projetos residenciais e comerciais com instalação fácil.";"amortecedor/batente";"batentes, porta, janela, resistência, segurança, duração, revestimento, fixação, construção, edifícios";"Não";"";"Não";""
"129";"127";"CABO ACELERADOR";"2";"Ativo";"";"";"";"cabos/cabo-acelerador";"";"Não";"";"Não";""
"131";"127";"CABO EMBREAGEM";"2";"Ativo";"";"Cabo de Embreagem de Alta Qualidade para Motos | Durabilidade e Precisão";"Encontre cabos de embreagem confiáveis e duráveis, essenciais para o funcionamento eficiente do sistema de da embreagem. Ideal para manutenção e troca segura.";"cabos/cabo-embreagem";"cabos de embreagem, cabo de embreagem, reposição de embreagem, peças automotivas, cabo de alta resistência, componente embreagem, cabo da embreagem da sua moto";"Não";"";"Não";""
"143";"137";"CAMISINHA - RESERVATORIO";"2";"Ativo";"";"";"";"amortecedor/camisinha-reservatorio";"";"Não";"";"Não";""
"133";"127";"CABO AFOGADOR";"2";"Ativo";"";"";"";"cabos/cabo-afogador";"";"Não";"";"Não";""
"135";"77";"FILTRO COMBUSTÍVEL";"2";"Ativo";"";"Filtros de Combustível de Alta Performance para Veículos | Qualidade e Durabilidade";"Encontre filtros de combustível confiáveis para garantir o desempenho ideal do seu veículo. Produtos de alta qualidade, duráveis e compatíveis com diversos modelos veiculares.";"filtros/filtro-combustivel";"filtro de combustível, filtros veiculares, filtragem de combustível, peças automotivas, manutenção veicular, filtros automotivos, componentes de combustível, substituição de filtro, peças de alta performance, reposição de filtro";"Não";"";"Não";""
"145";"137";"RETENTOR";"2";"Ativo";"";"";"";"amortecedor/retentor";"";"Não";"";"Não";""
"149";"63";"AJUSTADOR CORRENTE";"2";"Ativo";"";"";"";"balanca-quadro-elastico/ajustador-corrente";"";"Não";"";"Não";""
"155";"99";"ESPAÇADOR";"2";"Ativo";"";"";"";"biela/espacador";"";"Não";"";"Não";""
"151";"63";"GUIA BALANÇA";"2";"Ativo";"";"";"";"balanca-quadro-elastico/guia-balanca";"";"Não";"";"Não";""
"157";"99";"GAIOLA";"2";"Ativo";"";"";"";"biela/gaiola";"";"Não";"";"Não";""
"159";"99";"PINO";"2";"Ativo";"";"";"";"biela/pino";"";"Não";"";"Não";""
"161";"99";"ROLAMENTO BIELA";"2";"Ativo";"";"";"";"biela/rolamento-biela";"";"Não";"";"Não";""
"163";"91";"BALANCINS";"2";"Ativo";"";"";"";"cabecote-valvulas/balancins";"";"Não";"";"Não";""
"165";"91";"CABEÇOTE";"2";"Ativo";"";"";"";"cabecote-valvulas/cabecote";"";"Não";"";"Não";""
"167";"91";"CALÇO MOLA VÁLVULA";"2";"Ativo";"";"";"";"cabecote-valvulas/calco-mola-valvula";"";"Não";"";"Não";""
"169";"91";"CHAPÉU VÁLVULA";"2";"Ativo";"";"";"";"cabecote-valvulas/chapeu-valvula";"";"Não";"";"Não";""
"171";"91";"MOLA";"2";"Ativo";"";"";"";"cabecote-valvulas/mola";"";"Não";"";"Não";""
"173";"91";"COPO VÁLVULA";"2";"Ativo";"";"";"";"cabecote-valvulas/copo-valvula";"";"Não";"";"Não";""
"175";"91";"GUIA VÁLVULA";"2";"Ativo";"";"";"";"cabecote-valvulas/guia-valvula";"";"Não";"";"Não";""
"177";"91";"PASTILHA VÁLVULA";"2";"Ativo";"";"";"";"cabecote-valvulas/pastilha-valvula";"";"Não";"";"Não";""
"179";"91";"TRAVA VÁLVULA";"2";"Ativo";"";"";"";"cabecote-valvulas/trava-valvula";"";"Não";"";"Não";""
"181";"255";"PALHETA DE TORQUE";"2";"Ativo";"";"";"";"cabecote-valvulas/valvula-palheta-2t";"";"Não";"";"Não";""
"183";"49";"PINO";"2";"Ativo";"";"";"";"pistoes/pino";"";"Não";"";"Não";""
"185";"49";"TRAVA";"2";"Ativo";"";"";"";"pistoes/trava";"";"Não";"";"Não";""
"187";"49";"ANÉIS PISTÃO";"2";"Ativo";"";"";"";"pistoes/aneis-pistao";"";"Não";"";"Não";""
"191";"105";"AJUSTE CLICK";"2";"Ativo";"";"";"";"suspensao/ajuste-click";"";"Não";"";"Não";""
"193";"105";"BUCHA LINK";"2";"Ativo";"";"";"";"suspensao/bucha-link";"";"Não";"";"Não";""
"195";"105";"TUBO INTERNO BENGALA";"2";"Ativo";"";"";"";"suspensao/tubo-interno-bengala";"";"Não";"";"Não";""
"197";"35";"BALANCEIRO";"2";"Ativo";"";"";"";"rolamentos/balanceiro";"";"Não";"";"Não";""
"199";"35";"EIXO PINHÃO";"2";"Ativo";"";"";"";"rolamentos/eixo-pinhao";"";"Não";"";"Não";""
"1";"201";"TAMPA CAIXA FILTRO";"2";"Ativo";"";"";"";"caixa-filtro-ar/caixa";"";"Não";"";"Não";""
"203";"123";"COMANDO VÁLVULA";"2";"Ativo";"";"";"";"comando-corrente/comando-valvula";"";"Não";"";"Não";""
"205";"123";"GUIA";"2";"Ativo";"";"";"";"comando-corrente/guia";"";"Não";"";"Não";""
"209";"119";"NIPPLE";"2";"Ativo";"";"";"";"rodas/nipple";"";"Não";"";"Não";""
"211";"119";"TRAVA PNEU";"2";"Ativo";"";"";"";"rodas/trava-pneu";"";"Não";"";"Não";""
"213";"119";"ARO";"2";"Ativo";"";"";"";"rodas/aro";"";"Não";"";"Não";""
"215";"119";"CUBO DA RODA";"2";"Ativo";"";"";"";"rodas/cubo-da-roda";"";"Não";"";"Não";""
"217";"119";"EIXO RODA";"2";"Ativo";"";"";"";"rodas/eixo-roda";"";"Não";"";"Não";""
"219";"111";"KIT RETENTOR MOTOR";"2";"Ativo";"";"";"";"retentores/kit-retentor-motor";"";"Não";"";"Não";""
"221";"111";"RASPADOR LAMA";"2";"Ativo";"";"";"";"retentores/raspador-lama";"";"Não";"";"Não";""
"223";"111";"RETENTOR BALANÇA";"2";"Ativo";"";"";"";"retentores/retentor-balanca";"";"Não";"";"Não";""
"225";"111";"RETENTOR CAMBIO";"2";"Ativo";"";"";"";"retentores/retentor-cambio";"";"Não";"";"Não";""
"227";"111";"RETENTOR EMBREAGEM";"2";"Ativo";"";"";"";"retentores/retentor-embreagem";"";"Não";"";"Não";""
"229";"111";"RETENTOR GARFO + PÓ SUSPENSÃO";"2";"Ativo";"";"";"";"retentores/retentor-garfo-po-suspensao";"";"Não";"";"Não";""
"231";"111";"RETENTOR LINK";"2";"Ativo";"";"";"";"retentores/retentor-link";"";"Não";"";"Não";""
"233";"111";"RETENTOR PARTIDA";"2";"Ativo";"";"";"";"retentores/retentor-partida";"";"Não";"";"Não";""
"235";"111";"RETENTOR PINHÃO";"2";"Ativo";"";"";"";"retentores/retentor-pinhao";"";"Não";"";"Não";""
"237";"111";"RETENTOR PÓ SUSPENSÃO";"2";"Ativo";"";"";"";"retentores/retentor-po-suspensao";"";"Não";"";"Não";""
"239";"111";"RETENTOR VÁLVULA";"2";"Ativo";"";"";"";"retentores/retentor-valvula";"";"Não";"";"Não";""
"241";"111";"RETENTOR VIRABREQUIM";"2";"Ativo";"";"";"";"retentores/retentor-virabrequim";"";"Não";"";"Não";""
"243";"201";"GUARNIÇÃO";"2";"Ativo";"";"";"";"caixa-filtro-ar/guarnicao";"";"Não";"";"Não";""
"245";"201";"CAIXA";"2";"Ativo";"";"";"";"caixa-filtro-ar/caixa-";"";"Não";"";"Não";""
"249";"247";"EIXO CAMBIO";"2";"Ativo";"";"";"";"cambio/eixo-cambio";"";"Não";"";"Não";""
"251";"247";"ENGRENAGEM DO CAMBIO";"2";"Ativo";"";"";"";"cambio/engrenagem-do-cambio";"";"Não";"";"Não";""
"253";"247";"GARFO SELETOR";"2";"Ativo";"";"";"";"cambio/garfo-seletor";"";"Não";"";"Não";""
"257";"255";"AFOGADOR";"2";"Ativo";"";"";"";"carburador/afogador";"";"Não";"";"Não";""
"259";"255";"BOIA";"2";"Ativo";"";"";"";"carburador/boia";"";"Não";"";"Não";""
"261";"255";"CARRINHO ACELERADOR";"2";"Ativo";"";"";"";"carburador/carrinho-acelerador";"";"Não";"";"Não";""
"263";"255";"COLETOR ADMISSÃO";"2";"Ativo";"";"";"";"carburador/coletor-admissao";"";"Não";"";"Não";""
"265";"255";"EIXO ACELERADOR";"2";"Ativo";"";"";"";"carburador/eixo-acelerador";"";"Não";"";"Não";""
"267";"255";"GICLEUR";"2";"Ativo";"";"";"";"carburador/gicleur";"";"Não";"";"Não";""
"269";"255";"KIT REPARO";"2";"Ativo";"";"";"";"carburador/kit-reparo";"";"Não";"";"Não";""
"271";"255";"PARAFUSO AR";"2";"Ativo";"";"";"";"carburador/parafuso-ar";"";"Não";"";"Não";""
"275";"273";"CARCAÇA BOMBA AGUA";"2";"Ativo";"";"";"";"carcaca-motor/carcaca-bomba-agua";"";"Não";"";"Não";""
"277";"273";"CARCAÇA BOMBA OLEO";"2";"Ativo";"";"";"";"carcaca-motor/carcaca-bomba-oleo";"";"Não";"";"Não";""
"279";"273";"TAMPA DA EMBREAGEM";"2";"Ativo";"";"";"";"carcaca-motor/tampa-da-embreagem";"";"Não";"";"Não";""
"281";"273";"CARCAÇA CENTRAL MOTOR";"2";"Ativo";"";"";"";"carcaca-motor/carcaca-central-motor";"";"Não";"";"Não";""
"283";"273";"TAMPA DO ESTATOR";"2";"Ativo";"";"";"";"carcaca-motor/tampa-do-estator";"";"Não";"";"Não";""
"285";"273";"TAMPA FILTRO OLEO";"2";"Ativo";"";"";"";"carcaca-motor/tampa-filtro-oleo";"";"Não";"";"Não";""
"287";"273";"TAMPA MOTOR PARTIDA";"2";"Ativo";"";"";"";"carcaca-motor/tampa-motor-partida";"";"Não";"";"Não";""
"291";"289";"DESCANSO LATERAL";"2";"Ativo";"";"";"";"cavalete/descanso-lateral";"";"Não";"";"Não";""
"293";"289";"MOLA / BUCHA / PARAFUSO";"2";"Ativo";"";"";"";"cavalete/mola-bucha-parafuso";"";"Não";"";"Não";""
"297";"295";"CILINDRO";"2";"Ativo";"";"";"";"cilindro/cilindro";"";"Não";"";"Não";""
"299";"295";"KIT CILINDRO";"2";"Ativo";"";"";"";"cilindro/kit-cilindro";"";"Não";"";"Não";""
"303";"301";"ADAPTADOR GUIDÃO";"2";"Ativo";"";"";"";"controle-guidao/adaptador-guidao";"";"Não";"";"Não";""
"305";"301";"COXIM MESA GUIDÃO";"2";"Ativo";"";"";"";"controle-guidao/coxim-mesa-guidao";"";"Não";"";"Não";""
"307";"301";"GUIDÃO";"2";"Ativo";"";"";"";"controle-guidao/guidao";"";"Não";"";"Não";""
"309";"301";"MANOPLA";"2";"Ativo";"";"";"";"controle-guidao/manopla";"";"Não";"";"Não";""
"311";"301";"TUBO ACELERADOR";"2";"Ativo";"";"";"";"controle-guidao/tubo-acelerador";"";"Não";"";"Não";""
"315";"313";"BICO INJETOR";"2";"Ativo";"";"";"";"eletronicos/bico-injetor";"";"Não";"";"Não";""
"317";"313";"BOTÃO LIGA / DESLIGA";"2";"Ativo";"";"";"";"eletronicos/botao-liga-desliga";"";"Não";"";"Não";""
"319";"313";"CACHIMBO DA VELA";"2";"Ativo";"";"";"";"eletronicos/cachimbo-da-vela";"";"Não";"";"Não";""
"321";"313";"CDI - ECU";"2";"Ativo";"";"";"";"eletronicos/cdi-ecu";"";"Não";"";"Não";""
"323";"313";"CEBOLÃO DA VENTOINHA";"2";"Ativo";"";"";"";"eletronicos/cebolao-da-ventoinha";"";"Não";"";"Não";""
"325";"313";"CHAVE IGNICAO";"2";"Ativo";"";"";"";"eletronicos/chave-ignicao";"";"Não";"";"Não";""
"327";"313";"CHAVETA MAGNETO";"2";"Ativo";"";"";"";"eletronicos/chaveta-magneto";"";"Não";"";"Não";""
"329";"313";"CONDENSADOR";"2";"Ativo";"";"";"";"eletronicos/condensador";"";"Não";"";"Não";""
"331";"313";"ESTATOR";"2";"Ativo";"";"";"";"eletronicos/estator";"";"Não";"";"Não";""
"333";"313";"FIACÃO PRINCIPAL - CHICOTE ELETRICO";"2";"Ativo";"";"";"";"eletronicos/fiacao-principal-chicote-eletrico";"";"Não";"";"Não";""
"335";"313";"HORIMETRO";"2";"Ativo";"";"";"";"eletronicos/horimetro";"";"Não";"";"Não";""
"337";"313";"REGULADOR VOLTAGEM";"2";"Ativo";"";"";"";"eletronicos/regulador-voltagem";"";"Não";"";"Não";""
"339";"313";"RELE PARTIDA";"2";"Ativo";"";"";"";"eletronicos/rele-partida";"";"Não";"";"Não";""
"341";"313";"VELA";"2";"Ativo";"";"";"";"eletronicos/vela";"";"Não";"";"Não";""
"343";"313";"VENTOINHA";"2";"Ativo";"";"";"";"eletronicos/ventoinha";"";"Não";"";"Não";""
"347";"345";"ACIONADOR";"2";"Ativo";"";"";"";"embreagem/acionador";"";"Não";"";"Não";""
"349";"345";"CAMPANA";"2";"Ativo";"";"";"";"embreagem/campana";"";"Não";"";"Não";""
"351";"345";"CUBO EMBREAGEM";"2";"Ativo";"";"";"";"embreagem/cubo-embreagem";"";"Não";"";"Não";""
"353";"345";"CUBO + PLATO";"2";"Ativo";"";"";"";"embreagem/cubo-plato";"";"Não";"";"Não";""
"355";"345";"DISCO + SEPARADOR EMBREAGEM";"2";"Ativo";"";"";"";"embreagem/disco-separador-embreagem";"";"Não";"";"Não";""
"357";"345";"DISCO SEPARADOR EMBREAGEM";"2";"Ativo";"";"";"";"embreagem/disco-separador-embreagem-";"";"Não";"";"Não";""
"359";"345";"DISCO EMBREAGEM";"2";"Ativo";"";"";"";"embreagem/disco-embreagem";"";"Não";"";"Não";""
"361";"345";"EIXO ALAVACA";"2";"Ativo";"";"";"";"embreagem/eixo-alavaca";"";"Não";"";"Não";""
"363";"345";"PLATÔ EMBREAGEM";"2";"Ativo";"";"";"";"embreagem/plato-embreagem";"";"Não";"";"Não";""
"365";"345";"MOLA EMBREAGEM";"2";"Ativo";"";"";"";"embreagem/mola-embreagem";"";"Não";"";"Não";""
"367";"345";"PORCA";"2";"Ativo";"";"";"";"embreagem/porca";"";"Não";"";"Não";""
"369";"345";"REPARO BURRINHO";"2";"Ativo";"";"";"";"embreagem/reparo-burrinho";"";"Não";"";"Não";""
"371";"345";"ROLAMENTO CAMPANA";"2";"Ativo";"";"";"";"embreagem/rolamento-campana";"";"Não";"";"Não";""
"377";"373";"BUCHA";"2";"Ativo";"";"";"";"escapamento/bucha";"";"Não";"";"Não";""
"379";"373";"CURVA";"2";"Ativo";"";"";"";"escapamento/curva";"";"Não";"";"Não";""
"381";"373";"LÃ DE VIDRO";"2";"Ativo";"";"";"";"escapamento/la-de-vidro";"";"Não";"";"Não";""
"383";"373";"MOLA";"2";"Ativo";"";"";"";"escapamento/mola";"";"Não";"";"Não";""
"385";"373";"ORING";"2";"Ativo";"";"";"";"escapamento/oring";"";"Não";"";"Não";""
"389";"387";"DISCO FREIO";"2";"Ativo";"";"";"";"freios/disco-freio";"";"Não";"";"Não";""
"391";"387";"FLEXIVEL";"2";"Ativo";"";"";"";"freios/flexivel";"";"Não";"";"Não";""
"395";"387";"GUIA";"2";"Ativo";"";"";"";"freios/guia";"";"Não";"";"Não";""
"393";"387";"LONA FREIO";"2";"Ativo";"";"";"";"freios/lona-freio";"";"Não";"";"Não";""
"397";"387";"PASTILHA FREIO";"2";"Ativo";"";"";"";"freios/pastilha-freio";"";"Não";"";"Não";""
"399";"387";"PARAFUSO";"2";"Ativo";"";"";"";"freios/parafuso";"";"Não";"";"Não";""
"401";"387";"PEDAL FREIO";"2";"Ativo";"";"";"";"freios/pedal-freio";"";"Não";"";"Não";""
"403";"387";"PISTAO CALIPER";"2";"Ativo";"";"";"";"freios/pistao-caliper";"";"Não";"";"Não";""
"405";"387";"REPARO BURRINHO";"2";"Ativo";"";"";"";"freios/reparo-burrinho";"";"Não";"";"Não";""
"407";"387";"REPARO DA PÍNÇA";"2";"Ativo";"";"";"";"freios/reparo-da-pinca";"";"Não";"";"Não";""
"411";"409";"BLOCO OPTICO";"2";"Ativo";"";"";"";"iluminacao/bloco-optico";"";"Não";"";"Não";""
"413";"409";"LANTERNA";"2";"Ativo";"";"";"";"iluminacao/lanterna";"";"Não";"";"Não";""
"415";"409";"PISCA";"2";"Ativo";"";"";"";"iluminacao/pisca";"";"Não";"";"Não";""
"419";"417";"ACIONADOR EMBREAGEM";"2";"Ativo";"";"";"";"juntas/acionador-embreagem";"";"Não";"";"Não";""
"421";"417";"GUARNICAO TAMPA VALVULA";"2";"Ativo";"";"";"";"juntas/guarnicao-tampa-valvula";"";"Não";"";"Não";""
"423";"417";"JOGO JUNTA SUPERIOR";"2";"Ativo";"";"";"";"juntas/jogo-junta-superior";"";"Não";"";"Não";""
"425";"417";"JOGO JUNTAS C/BORRACHA";"2";"Ativo";"";"";"";"juntas/jogo-juntas-cborracha";"";"Não";"";"Não";""
"427";"417";"JOGO JUNTAS ECONOMICO";"2";"Ativo";"";"";"";"juntas/jogo-juntas-economico";"";"Não";"";"Não";""
"429";"417";"JUNTA BOMBA DA AGUA";"2";"Ativo";"";"";"";"juntas/junta-bomba-da-agua";"";"Não";"";"Não";""
"431";"417";"JUNTA CABECOTE";"2";"Ativo";"";"";"";"juntas/junta-cabecote";"";"Não";"";"Não";""
"433";"417";"JUNTA CARBURADOR";"2";"Ativo";"";"";"";"juntas/junta-carburador";"";"Não";"";"Não";""
"435";"417";"JUNTA CARCACA";"2";"Ativo";"";"";"";"juntas/junta-carcaca";"";"Não";"";"Não";""
"437";"417";"JUNTA CILINDRO";"2";"Ativo";"";"";"";"juntas/junta-cilindro";"";"Não";"";"Não";""
"439";"417";"JUNTA DIREITA EMBREAGEM";"2";"Ativo";"";"";"";"juntas/junta-direita-embreagem";"";"Não";"";"Não";""
"441";"417";"JUNTA ESCAPE";"2";"Ativo";"";"";"";"juntas/junta-escape";"";"Não";"";"Não";""
"443";"417";"JUNTA ESQUERA ESTATOR";"2";"Ativo";"";"";"";"juntas/junta-esquera-estator";"";"Não";"";"Não";""
"445";"417";"JUNTA PARTIDA";"2";"Ativo";"";"";"";"juntas/junta-partida";"";"Não";"";"Não";""
"447";"417";"JUNTA PLUG VELA";"2";"Ativo";"";"";"";"juntas/junta-plug-vela";"";"Não";"";"Não";""
"449";"417";"JUNTA TENSOR";"2";"Ativo";"";"";"";"juntas/junta-tensor";"";"Não";"";"Não";""
"455";"451";"OLEO CORRENTE SPRAY";"2";"Ativo";"";"";"";"lubrificante/oleo-corrente-spray";"";"Não";"";"Não";""
"457";"453";"AJUSTADOR";"2";"Ativo";"";"";"";"manetes/ajustador";"";"Não";"";"Não";""
"459";"453";"FIXADOR";"2";"Ativo";"";"";"";"manetes/fixador";"";"Não";"";"Não";""
"461";"453";"GUARDA PÓ MANETE";"2";"Ativo";"";"";"";"manetes/guarda-po-manete";"";"Não";"";"Não";""
"465";"453";"MANETE EMBREAGEM";"2";"Ativo";"";"";"";"manetes/manete-embreagem";"";"Não";"";"Não";""
"463";"453";"MANETE FREIO";"2";"Ativo";"";"";"";"manetes/manete-freio";"";"Não";"";"Não";""
"467";"453";"MANETE FREIO + EMBREAGEM";"2";"Ativo";"";"";"";"manetes/manete-freio-embreagem";"";"Não";"";"Não";""
"469";"453";"MANICOTO";"2";"Ativo";"";"";"";"manetes/manicoto";"";"Não";"";"Não";""
"475";"471";"TAMBOR SELETOR";"2";"Ativo";"";"";"";"marcha/tambor-seletor";"";"Não";"";"Não";""
"481";"477";"ENGRENAGEM PARTIDA";"2";"Ativo";"";"";"";"motor-partida/engrenagem-partida";"";"Não";"";"Não";""
"479";"477";"MOTOR ARRANQUE";"2";"Ativo";"";"";"";"motor-partida/motor-arranque";"";"Não";"";"Não";""
"483";"477";"PLACA PARTIDA / GREMALHEIRA";"2";"Ativo";"";"";"";"motor-partida/placa-partida-gremalheira";"";"Não";"";"Não";""
"489";"487";"BANCO";"2";"Ativo";"";"";"";"parafuso/banco";"";"Não";"";"Não";""
"491";"487";"DIVERSOS";"2";"Ativo";"";"";"";"parafuso/diversos";"";"Não";"";"Não";""
"493";"487";"MOTOR";"2";"Ativo";"";"";"";"parafuso/motor";"";"Não";"";"Não";""
"495";"487";"PLASTICO";"2";"Ativo";"";"";"";"parafuso/plastico";"";"Não";"";"Não";""
"499";"497";"BUCHA GUIA";"2";"Ativo";"";"";"";"partida/bucha-guia";"";"Não";"";"Não";""
"501";"497";"EIXO / ENGRENAGEM";"2";"Ativo";"";"";"";"partida/eixo-engrenagem";"";"Não";"";"Não";""
"503";"497";"EIXO PEDAL PARTIDA";"2";"Ativo";"";"";"";"partida/eixo-pedal-partida";"";"Não";"";"Não";""
"509";"505";"PEDAL CAMBIO";"2";"Ativo";"";"";"";"pedal/pedal-cambio";"";"Não";"";"Não";""
"511";"505";"PONTA PEDAL FREIO";"2";"Ativo";"";"";"";"pedal/ponta-pedal-freio";"";"Não";"";"Não";""
"515";"513";"BORRACHA";"2";"Ativo";"";"";"";"pedaleira/borracha";"";"Não";"";"Não";""
"519";"513";"SUPORTE PEDALEIRA";"2";"Ativo";"";"";"";"pedaleira/suporte-pedaleira";"";"Não";"";"Não";""
"521";"517";"ALETA TANQUE";"2";"Ativo";"";"";"";"plastico/aleta-tanque";"";"Não";"";"Não";""
"523";"517";"CARENAGEM";"2";"Ativo";"";"";"";"plastico/carenagem";"";"Não";"";"Não";""
"525";"517";"CARENAGEM FRONTAL";"2";"Ativo";"";"";"";"plastico/carenagem-frontal";"";"Não";"";"Não";""
"527";"517";"NUMBER PLATE FRONTAL";"2";"Ativo";"";"";"";"plastico/number-plate-frontal";"";"Não";"";"Não";""
"529";"517";"NUMBER PLATE LATERAL";"2";"Ativo";"";"";"";"plastico/number-plate-lateral";"";"Não";"";"Não";""
"531";"517";"PAINEL";"2";"Ativo";"";"";"";"plastico/painel";"";"Não";"";"Não";""
"533";"517";"PARABARRO";"2";"Ativo";"";"";"";"plastico/parabarro";"";"Não";"";"Não";""
"535";"517";"PARALAMA DIANTEIRO";"2";"Ativo";"";"";"";"plastico/paralama-dianteiro";"";"Não";"";"Não";""
"537";"517";"PARALAMA TRASEIRO";"2";"Ativo";"";"";"";"plastico/paralama-traseiro";"";"Não";"";"Não";""
"541";"517";"PROTETOR BENGALA";"2";"Ativo";"";"";"";"plastico/protetor-bengala";"";"Não";"";"Não";""
"543";"539";"COROA";"2";"Ativo";"";"";"";"porca/coroa";"";"Não";"";"Não";""
"545";"539";"DIRECAO";"2";"Ativo";"";"";"";"porca/direcao";"";"Não";"";"Não";""
"551";"547";"CILINDRO EMBREAGEM";"2";"Ativo";"";"";"";"protetores/cilindro-embreagem";"";"Não";"";"Não";""
"549";"547";"PROTETOR ESCAPE";"2";"Ativo";"";"";"";"protetores/protetor-escape";"";"Não";"";"Não";""
"553";"547";"PROTETOR PINHÃO";"2";"Ativo";"";"";"";"protetores/protetor-pinhao";"";"Não";"";"Não";""
"555";"547";"PROTETOR RADIADOR";"2";"Ativo";"";"";"";"protetores/protetor-radiador";"";"Não";"";"Não";""
"563";"559";"QUEDA";"2";"Ativo";"";"";"";"sensores/queda";"";"Não";"";"Não";""
"561";"557";"RETROVISOR";"2";"Ativo";"";"";"";"retrovisor/retrovisor";"";"Não";"";"Não";""
"565";"559";"TPS";"2";"Ativo";"";"";"";"sensores/tps";"";"Não";"";"Não";""
"569";"559";"VELOCIDADE";"2";"Ativo";"";"";"";"sensores/velocidade";"";"Não";"";"Não";""
"571";"567";"EIXO BOMBA OLEO";"2";"Ativo";"";"";"";"sistema-lubrificacao/eixo-bomba-oleo";"";"Não";"";"Não";""
"573";"567";"ROTOR BOMBA OLEO";"2";"Ativo";"";"";"";"sistema-lubrificacao/rotor-bomba-oleo";"";"Não";"";"Não";""
"577";"575";"EIXO BOMBA AGUA";"2";"Ativo";"";"";"";"sistema-refrigeracao/eixo-bomba-agua";"";"Não";"";"Não";""
"579";"575";"RADIADOR";"2";"Ativo";"";"";"";"sistema-refrigeracao/radiador";"";"Não";"";"Não";""
"581";"575";"RESERVATORIO AGUA";"2";"Ativo";"";"";"";"sistema-refrigeracao/reservatorio-agua";"";"Não";"";"Não";""
"585";"575";"SELO MECANICO";"2";"Ativo";"";"";"";"sistema-refrigeracao/selo-mecanico";"";"Não";"";"Não";""
"583";"575";"TAMPA RADIADOR";"2";"Ativo";"";"";"";"sistema-refrigeracao/tampa-radiador";"";"Não";"";"Não";""
"591";"587";"COXIM";"2";"Ativo";"";"";"";"tanque/coxim";"";"Não";"";"Não";""
"597";"593";"COROA";"2";"Ativo";"";"";"";"transmissao-relacao/coroa";"";"Não";"";"Não";""
"599";"593";"PINHÃO";"2";"Ativo";"";"";"";"transmissao-relacao/pinhao";"";"Não";"";"Não";""
"603";"593";"TRAVA CORRENTE";"2";"Ativo";"";"";"";"transmissao-relacao/trava-corrente";"";"Não";"";"Não";""
"605";"601";"BOLACHA VIRABREQUIM";"2";"Ativo";"";"";"";"virabrequim/bolacha-virabrequim";"";"Não";"";"Não";""
"607";"601";"EIXO BALANCEIRO";"2";"Ativo";"";"";"";"virabrequim/eixo-balanceiro";"";"Não";"";"Não";""
"609";"601";"VIRABREQUIM COMPLETO";"2";"Ativo";"";"";"";"virabrequim/virabrequim-completo";"";"Não";"";"Não";""
"611";"313";"BOBINA DE IGNIÇÃO";"2";"Ativo";"";"";"";"eletronicos/bobina-de-ignicao";"";"Não";"";"Não";""
"613";"409";"LAMPADA";"2";"Ativo";"";"";"";"iluminacao/lampada";"";"Não";"";"Não";""
"615";"345";"BUCHA";"2";"Ativo";"";"";"";"embreagem/bucha";"";"Não";"";"Não";""
"617";"373";"COXIM";"2";"Ativo";"";"";"";"escapamento/coxim";"";"Não";"";"Não";""
"619";"417";"CARTER";"2";"Ativo";"";"";"";"juntas/carter";"";"Não";"";"Não";""
"623";"487";"BUJÃO OLEO";"2";"Ativo";"";"";"";"parafuso/bujao-oleo";"";"Não";"";"Não";""
"621";"477";"ESCOVAS";"2";"Ativo";"";"";"";"motor-partida/escovas";"";"Não";"";"Não";""
"625";"471";"SELETOR MARCHA";"2";"Ativo";"";"";"";"marcha/seletor-marcha";"";"Não";"";"Não";""
"627";"487";"COROA";"2";"Ativo";"";"";"";"parafuso/coroa";"";"Não";"";"Não";""
"629";"505";"PEDAL FREIO";"2";"Ativo";"";"";"";"pedal/pedal-freio";"";"Não";"";"Não";""
"631";"505";"PEDAL PARTIDA";"2";"Ativo";"";"";"";"pedal/pedal-partida";"";"Não";"";"Não";""
"633";"513";"PEDALEIRA";"2";"Ativo";"";"";"";"pedaleira/pedaleira";"";"Não";"";"Não";""
"635";"517";"CARCACA PAINEL";"2";"Ativo";"";"";"";"plastico/carcaca-painel";"";"Não";"";"Não";""
"637";"539";"EIXO RODA";"2";"Ativo";"";"";"";"porca/eixo-roda";"";"Não";"";"Não";""
"639";"547";"PROTETOR MOTOR";"2";"Ativo";"";"";"";"protetores/protetor-motor";"";"Não";"";"Não";""
"641";"559";"MARCHA";"2";"Ativo";"";"";"";"sensores/marcha";"";"Não";"";"Não";""
"643";"559";"TEMPERATURA OLEO";"2";"Ativo";"";"";"";"sensores/temperatura-oleo";"";"Não";"";"Não";""
"645";"567";"ENGRENAGEM BOMBA OLEO";"2";"Ativo";"";"";"";"sistema-lubrificacao/engrenagem-bomba-oleo";"";"Não";"";"Não";""
"647";"567";"VALVULA ALIVIO";"2";"Ativo";"";"";"";"sistema-lubrificacao/valvula-alivio";"";"Não";"";"Não";""
"649";"575";"HELICE";"2";"Ativo";"";"";"";"sistema-refrigeracao/helice";"";"Não";"";"Não";""
"651";"575";"MANGUEIRA RADIADOR";"2";"Ativo";"";"";"";"sistema-refrigeracao/mangueira-radiador";"";"Não";"";"Não";""
"653";"575";"ENGRENAGEM BOMBA AGUA";"2";"Ativo";"";"";"";"sistema-refrigeracao/engrenagem-bomba-agua";"";"Não";"";"Não";""
"655";"587";"REPARO BOMBA GASOLINA";"2";"Ativo";"";"";"";"tanque/reparo-bomba-gasolina";"";"Não";"";"Não";""
"657";"593";"CORRENTE";"2";"Ativo";"";"";"";"transmissao-relacao/corrente";"";"Não";"";"Não";""
"659";"593";"KIT RELAÇÃO";"2";"Ativo";"";"";"";"transmissao-relacao/kit-relacao";"";"Não";"";"Não";""
"663";"387";"REPARO FREIO";"2";"Ativo";"";"";"";"freios/reparo-freio";"";"Não";"";"Não";""
